	sequence_id	assignment	confidence_score
0	EU596497	1	0.7684619783512251
1	MH822952	1	0.8767270052757284
2	JN851126	1	0.8767270052757284
3	KY586577	1	0.8767270052757284
4	FJ024461	1	0.8767270052757284
5	GU131901	1	0.8767270052757284
6	KY586612	1	0.8767270052757284
7	KX380807	1	0.8767270052757284
8	KY672946	1	0.8767270052757284
9	HQ012535	1	0.7684619783512251
10	KX452020	1	0.8767270052757284
11	FJ461305	1	0.8767270052757284
12	KM279537	1	0.8767270052757284
13	KY586614	1	0.8767270052757284
14	MN589877	1	0.7684619783512251
15	MN018348	1	0.8767270052757284
16	MH110568	1	0.8767270052757284
17	AF022435	1	0.8767270052757284
18	FM210208	1	0.7684619783512251
19	MF156233	1	0.8767270052757284
20	KY586696	1	0.8767270052757284
21	EU920832	1	0.7684619783512251
22	EU482582	1	0.7684619783512251
23	FM210231	1	0.8767270052757284
24	HM582117	1	0.8767270052757284
25	EU920845	1	0.7684619783512251
26	EU482685	1	0.7684619783512251
27	KC762673	1	0.8767270052757284
28	EU920830	1	0.7684619783512251
29	EU920838	1	0.7684619783512251
30	MH110570	1	0.8767270052757284
31	EU482684	1	0.7684619783512251
32	MT261967	1	0.8767270052757284
33	GQ868625	1	0.8767270052757284
34	KR779786	1	0.8767270052757284
35	GQ398293	1	0.7684619783512251
36	MH827552	1	0.8767270052757284
37	GQ199895	1	0.7684619783512251
38	EU482542	1	0.8767270052757284
39	KY586661	1	0.8767270052757284
40	MN589868	1	0.7684619783512251
41	MK411559	1	0.8767270052757284
42	KM279542	1	0.8767270052757284
43	FJ898432	1	0.7684619783512251
44	MT261959	1	0.8767270052757284
45	KX452045	1	0.8767270052757284
46	EU482744	1	0.7684619783512251
47	EF105380	1	0.8767270052757284
48	FM210230	1	0.7684619783512251
49	JF730051	1	0.7684619783512251
50	KX380826	1	0.8767270052757284
51	FJ639809	1	0.7684619783512251
52	EU660414	1	0.8767270052757284
53	GQ398259	1	0.8767270052757284
54	EU482723	1	0.7684619783512251
55	EU482691	1	0.7684619783512251
56	EU482571	1	0.7684619783512251
57	EU482775	1	0.8767270052757284
58	EU482773	1	0.7684619783512251
59	GQ868549	1	0.7684619783512251
60	EU482637	1	0.7684619783512251
61	MH827549	1	0.8767270052757284
62	MH110582	1	0.8767270052757284
63	EU660404	1	0.7684619783512251
64	MN589858	1	0.7684619783512251
65	KM279584	1	0.8767270052757284
66	MK411558	1	0.8767270052757284
67	HM181971	1	0.7684619783512251
68	FJ873811	1	0.8767270052757284
69	GQ868640	1	0.7684619783512251
70	GU131928	1	0.8767270052757284
71	KX380827	1	0.8767270052757284
72	FJ744710	1	0.8767270052757284
73	EU569711	1	0.7684619783512251
74	EU482777	1	0.8767270052757284
75	GQ398280	1	0.7684619783512251
76	KX452041	1	0.8767270052757284
77	EU482670	1	0.8767270052757284
78	MN589884	1	0.7684619783512251
79	KY586549	1	0.8767270052757284
80	GQ868592	1	0.8767270052757284
81	EU482738	1	0.7684619783512251
82	KY474316	1	0.7684619783512251
83	HQ634199	1	0.7684619783512251
84	EU482743	1	0.7684619783512251
85	KY474324	1	0.7684619783512251
86	FJ859028	1	0.8767270052757284
87	AF100465	1	0.8767270052757284
88	FJ024474	1	0.7684619783512251
89	EU482588	1	0.7684619783512251
90	MF156235	1	0.8767270052757284
91	KY586594	1	0.8767270052757284
92	EU482779	1	0.7684619783512251
93	FJ390387	1	0.8767270052757284
94	FJ744703	1	0.7684619783512251
95	EU482620	1	0.7684619783512251
96	KY474318	1	0.7684619783512251
97	AF169688	1	0.8767270052757284
98	MH822941	1	0.8767270052757284
99	JX669487	1	0.7684619783512251
100	KM279519	1	0.8767270052757284
101	KU509270	1	0.8767270052757284
102	FJ410219	1	0.8767270052757284
103	KX452025	1	0.8767270052757284
104	FJ373300	1	0.7684619783512251
105	FJ410291	1	0.7684619783512251
106	MH822946	1	0.8767270052757284
107	GU131932	1	0.8767270052757284
108	FJ850085	1	0.7684619783512251
109	MG599600	1	0.8767270052757284
110	GU131879	1	0.7684619783512251
111	KT187556	1	0.8767270052757284
112	KY586556	1	0.8767270052757284
113	KY474327	1	0.7684619783512251
114	EU482549	1	0.7684619783512251
115	JN851128	1	0.8767270052757284
116	FM210214	1	0.8767270052757284
117	MN923122	1	0.8767270052757284
118	EU677143	1	0.7684619783512251
119	EU179859	1	0.8767270052757284
120	GQ868622	1	0.8767270052757284
121	KY586681	1	0.8767270052757284
122	GU131864	1	0.7684619783512251
123	MN018365	1	0.8767270052757284
124	EU482674	1	0.8767270052757284
125	FJ744708	1	0.7684619783512251
126	KF955373	1	0.7684619783512251
127	KY586693	1	0.8767270052757284
128	GQ398263	1	0.8767270052757284
129	GQ199896	1	0.7684619783512251
130	MF156240	1	0.8767270052757284
131	MK517773	1	0.7684619783512251
132	EU482772	1	0.7684619783512251
133	EU482701	1	0.8767270052757284
134	EU569693	1	0.7684619783512251
135	EU569712	1	0.7684619783512251
136	KX380829	1	0.8767270052757284
137	KY937187	1	0.8767270052757284
138	MN018352	1	0.8767270052757284
139	KY586668	1	0.8767270052757284
140	JF357906	1	0.7684619783512251
141	GQ398313	1	0.7684619783512251
142	EU482447	1	0.8767270052757284
143	EU687250	1	0.8767270052757284
144	U87411	1	0.8767270052757284
145	KY586566	1	0.8767270052757284
146	FJ850076	1	0.7684619783512251
147	EU569705	1	0.7684619783512251
148	KY586674	1	0.8767270052757284
149	EU482722	1	0.7684619783512251
150	KM279590	1	0.8767270052757284
151	MG779202	1	0.8767270052757284
152	KY586677	1	0.8767270052757284
153	KM279608	1	0.8767270052757284
154	KT187554	1	0.8767270052757284
155	FJ639733	1	0.7684619783512251
156	FJ898434	1	0.7684619783512251
157	FJ410237	1	0.8767270052757284
158	GU131883	1	0.7684619783512251
159	KX621245	1	0.8767270052757284
160	FJ898454	1	0.8767270052757284
161	EU482648	1	0.7684619783512251
162	FM210228	1	0.7684619783512251
163	EU482784	1	0.8767270052757284
164	KY586562	1	0.8767270052757284
165	JX286522	1	0.7684619783512251
166	GU370050	1	0.8767270052757284
167	MH110588	1	0.8767270052757284
168	KY586635	1	0.8767270052757284
169	EU482690	1	0.7684619783512251
170	GQ868550	1	0.7684619783512251
171	EU569707	1	0.7684619783512251
172	EU056810	1	0.8767270052757284
173	JF730055	1	0.8767270052757284
174	MN923112	1	0.8767270052757284
175	KX452042	1	0.8767270052757284
176	MF940250	1	0.8767270052757284
177	GQ398276	1	0.7684619783512251
178	DQ448231	1	0.8767270052757284
179	HM488257	1	0.8767270052757284
180	KJ189310	1	0.7684619783512251
181	MH069499	1	0.7684619783512251
182	FJ850118	1	0.7684619783512251
183	MH822953	1	0.8767270052757284
184	KF041232	1	0.8767270052757284
185	KJ701507	1	0.8767270052757284
186	HM582112	1	0.8767270052757284
187	EU482740	1	0.7684619783512251
188	GQ868556	1	0.7684619783512251
189	EU482449	1	0.7684619783512251
190	AF022439	1	0.8767270052757284
191	KC762662	1	0.8767270052757284
192	GQ868624	1	0.8767270052757284
193	EF457904	1	0.8767270052757284
194	KX380837	1	0.8767270052757284
195	EU920850	1	0.7684619783512251
196	FJ744714	1	0.8767270052757284
197	EU660415	1	0.8767270052757284
198	EU482704	1	0.8767270052757284
199	GQ398274	1	0.7684619783512251
200	KC294201	1	0.7684619783512251
201	MG599610	1	0.8767270052757284
202	MG599607	1	0.8767270052757284
203	KY586603	1	0.8767270052757284
204	GU131902	1	0.8767270052757284
205	GQ398264	1	0.8767270052757284
206	GQ398311	1	0.7684619783512251
207	KM279556	1	0.8767270052757284
208	KC294208	1	0.7684619783512251
209	EU920831	1	0.7684619783512251
210	MN923108	1	0.8767270052757284
211	MG599612	1	0.8767270052757284
212	AB122021	1	0.7684619783512251
213	KY586618	1	0.8767270052757284
214	AF022440	1	0.8767270052757284
215	MN018353	1	0.8767270052757284
216	DQ181799	1	0.8767270052757284
217	KY586643	1	0.8767270052757284
218	JQ922551	1	0.8767270052757284
219	DQ645543	1	0.8767270052757284
220	GQ398284	1	0.7684619783512251
221	KX452028	1	0.8767270052757284
222	FJ024473	1	0.7684619783512251
223	FJ182012	1	0.7684619783512251
224	GQ398310	1	0.7684619783512251
225	MH822950	1	0.8767270052757284
226	EU920836	1	0.7684619783512251
227	KY937189	1	0.8767270052757284
228	JQ922549	1	0.8767270052757284
229	MK564477	1	0.8767270052757284
230	AB479042	1	0.7684619783512251
231	MG599632	1	0.8767270052757284
232	FJ461311	1	0.8767270052757284
233	MH827526	1	0.8767270052757284
234	KY586645	1	0.8767270052757284
235	FJ906958	1	0.8767270052757284
236	EU482556	1	0.7684619783512251
237	EU482695	1	0.7684619783512251
238	JN851114	1	0.8767270052757284
239	JN851120	1	0.8767270052757284
240	MG599595	1	0.8767270052757284
241	FM210238	1	0.7684619783512251
242	GQ398272	1	0.7684619783512251
243	JX079694	1	0.7684619783512251
244	MH069495	1	0.7684619783512251
245	KP188556	1	0.7684619783512251
246	MH891772	1	0.8767270052757284
247	EU482739	1	0.7684619783512251
248	HM582107	1	0.8767270052757284
249	FJ687434	1	0.8767270052757284
250	AB122020	1	0.7684619783512251
251	JN851122	1	0.8767270052757284
252	LC129171	1	0.8767270052757284
253	HM582099	1	0.8767270052757284
254	EU482721	1	0.7684619783512251
255	KY586606	1	0.8767270052757284
256	KM279582	1	0.8767270052757284
257	GQ398306	1	0.7684619783512251
258	EU596483	1	0.7684619783512251
259	EU854293	1	0.8767270052757284
260	EU687229	1	0.7684619783512251
261	EU482763	1	0.7684619783512251
262	EU596496	1	0.7684619783512251
263	EU482583	1	0.7684619783512251
264	MH110564	1	0.8767270052757284
265	GQ398289	1	0.7684619783512251
266	KY586576	1	0.8767270052757284
267	MH110595	1	0.8767270052757284
268	EU482581	1	0.7684619783512251
269	KC762672	1	0.8767270052757284
270	FM210236	1	0.7684619783512251
271	MF940251	1	0.8767270052757284
272	FJ182014	1	0.7684619783512251
273	EU482445	1	0.8767270052757284
274	JQ045676	1	0.8767270052757284
275	KY586682	1	0.8767270052757284
276	MN589867	1	0.7684619783512251
277	EU482696	1	0.7684619783512251
278	MH110589	1	0.8767270052757284
279	KY586617	1	0.8767270052757284
280	EU920844	1	0.7684619783512251
281	MG599623	1	0.8767270052757284
282	KX452035	1	0.8767270052757284
283	HM582113	1	0.8767270052757284
284	EU482746	1	0.7684619783512251
285	FJ898438	1	0.7684619783512251
286	GQ868553	1	0.7684619783512251
287	HQ541788	1	0.7684619783512251
288	MF940247	1	0.8767270052757284
289	HQ332190	1	0.7684619783512251
290	EU482694	1	0.7684619783512251
291	MF156234	1	0.8767270052757284
292	GQ199898	1	0.7684619783512251
293	FJ390390	1	0.7684619783512251
294	KY672954	1	0.8767270052757284
295	KC294209	1	0.7684619783512251
296	FJ639834	1	0.7684619783512251
297	JN851123	1	0.8767270052757284
298	EU359009	1	0.8767270052757284
299	FJ850078	1	0.7684619783512251
300	KF041235	1	0.8767270052757284
301	FJ639710	1	0.8767270052757284
302	GQ199894	1	0.7684619783512251
303	KC294213	1	0.7684619783512251
304	EU569701	1	0.7684619783512251
305	FM210245	1	0.8767270052757284
306	KY474330	1	0.7684619783512251
307	GQ398258	1	0.8767270052757284
308	KY586560	1	0.8767270052757284
309	JF730044	1	0.7684619783512251
310	MH215277	1	0.7684619783512251
311	KY849760	1	0.8767270052757284
312	JF260983	1	0.8767270052757284
313	KF041233	1	0.8767270052757284
314	EU482788	1	0.7684619783512251
315	EU482753	1	0.7684619783512251
316	MH048672	1	0.8767270052757284
317	EU660416	1	0.8767270052757284
318	JN819420	1	0.7684619783512251
319	KC294219	1	0.7684619783512251
320	JX286524	1	0.7684619783512251
321	KC762676	1	0.8767270052757284
322	AF100468	1	0.8767270052757284
323	MG779197	1	0.8767270052757284
324	EU687246	1	0.8767270052757284
325	FJ810412	1	0.8767270052757284
326	DQ645552	1	0.8767270052757284
327	MT261956	1	0.8767270052757284
328	FJ639828	1	0.8767270052757284
329	KC294214	1	0.7684619783512251
330	KY586648	1	0.8767270052757284
331	GQ868497	1	0.7684619783512251
332	EU596488	1	0.7684619783512251
333	EU687248	1	0.8767270052757284
334	MT261971	1	0.8767270052757284
335	MH110567	1	0.8767270052757284
336	GQ252677	1	0.8767270052757284
337	EU482578	1	0.7684619783512251
338	KM279557	1	0.8767270052757284
339	MH110585	1	0.8767270052757284
340	JF730046	1	0.8767270052757284
341	FJ850064	1	0.7684619783512251
342	EU596495	1	0.7684619783512251
343	MG599606	1	0.8767270052757284
344	KY672945	1	0.8767270052757284
345	EU482748	1	0.7684619783512251
346	EU482641	1	0.8767270052757284
347	JN851116	1	0.8767270052757284
348	EU482605	1	0.7684619783512251
349	KY923048	1	0.8767270052757284
350	EU920828	1	0.7684619783512251
351	KU365902	1	0.8767270052757284
352	KC762677	1	0.8767270052757284
353	AF119661	1	0.7684619783512251
354	KM279579	1	0.8767270052757284
355	HQ999999	1	0.7684619783512251
356	MN018360	1	0.8767270052757284
357	EU482754	1	0.7684619783512251
358	KY474310	1	0.7684619783512251
359	MG779200	1	0.8767270052757284
360	FM210242	1	0.8767270052757284
361	KF744407	1	0.8767270052757284
362	MH822943	1	0.8767270052757284
363	FM210241	1	0.7684619783512251
364	KX380818	1	0.8767270052757284
365	GQ868516	1	0.7684619783512251
366	MN018364	1	0.8767270052757284
367	GQ868542	1	0.8767270052757284
368	KX380815	1	0.8767270052757284
369	AF100461	1	0.8767270052757284
370	FJ898477	1	0.7684619783512251
371	GQ398288	1	0.7684619783512251
372	FJ639698	1	0.7684619783512251
373	MF940240	1	0.8767270052757284
374	KY474313	1	0.7684619783512251
375	KM279605	1	0.8767270052757284
376	FJ547067	1	0.8767270052757284
377	FM210215	1	0.8767270052757284
378	FJ461309	1	0.8767270052757284
379	MH827531	1	0.8767270052757284
380	FJ639835	1	0.7684619783512251
381	JN851113	1	0.8767270052757284
382	AF169686	1	0.8767270052757284
383	EU482693	1	0.7684619783512251
384	EU482652	1	0.8767270052757284
385	FJ906968	1	0.8767270052757284
386	HQ733861	1	0.7684619783512251
387	AF169679	1	0.8767270052757284
388	KY586599	1	0.8767270052757284
389	EU596490	1	0.7684619783512251
390	MN923121	1	0.8767270052757284
391	KM279610	1	0.8767270052757284
392	MG599615	1	0.8767270052757284
393	FM210221	1	0.7684619783512251
394	AY702037	1	0.7684619783512251
395	EU482565	1	0.7684619783512251
396	LC410184	1	0.8767270052757284
397	KX452040	1	0.8767270052757284
398	AF169687	1	0.8767270052757284
399	KM279566	1	0.8767270052757284
400	FJ810418	1	0.7684619783512251
401	MG721058	1	0.8767270052757284
402	MG599593	1	0.8767270052757284
403	KM279574	1	0.8767270052757284
404	KF041234	1	0.8767270052757284
405	JX669488	1	0.7684619783512251
406	KF744400	1	0.8767270052757284
407	MT261960	1	0.8767270052757284
408	FJ196854	1	0.8767270052757284
409	JQ045664	2	0.8912647110909437
410	MF033221	2	0.8912647110909437
411	FJ898419	2	0.8912647110909437
412	JQ045634	2	0.8912647110909437
413	FJ205876	2	0.8912647110909437
414	MN018307	2	0.8912647110909437
415	KJ189361	2	0.5050611494445711
416	MN018311	2	0.8912647110909437
417	KY586396	2	0.8912647110909437
418	KX225483	2	0.5050611494445711
419	KY586509	2	0.8912647110909437
420	JQ045639	2	0.8912647110909437
421	KY586425	2	0.8912647110909437
422	FJ024427	2	0.8912647110909437
423	EU482817	2	0.8912647110909437
424	GU131724	2	0.8912647110909437
425	GU131738	2	0.8912647110909437
426	GU131686	2	0.8912647110909437
427	MF033233	2	0.8912647110909437
428	GQ868614	2	0.8912647110909437
429	FJ639796	2	0.5050611494445711
430	EU482483	2	0.8912647110909437
431	FJ432745	2	0.8912647110909437
432	MN912112	2	0.8912647110909437
433	FJ898377	2	0.8912647110909437
434	JQ915075	2	0.6779813430897812
435	EU081255	2	0.8912647110909437
436	EU081232	2	0.8912647110909437
437	KM403591	2	0.5050611494445711
438	FJ432746	2	0.8912647110909437
439	KC762654	2	0.8912647110909437
440	KY586497	2	0.8912647110909437
441	MN933662	2	0.5050611494445711
442	KY586456	2	0.8912647110909437
443	GQ868608	2	0.8912647110909437
444	KY586519	2	0.8912647110909437
445	EU482707	2	0.8912647110909437
446	FJ850069	2	0.8912647110909437
447	MN912215	2	0.8912647110909437
448	FJ882565	2	0.8912647110909437
449	KY586326	2	0.8912647110909437
450	GQ199799	2	0.8912647110909437
451	KM403617	2	0.5050611494445711
452	MN018304	2	0.8912647110909437
453	KJ189303	2	0.5050611494445711
454	MN912163	2	0.8912647110909437
455	GQ868630	2	0.8912647110909437
456	GU131723	2	0.8912647110909437
457	FJ410207	2	0.8912647110909437
458	JX669468	2	0.5050611494445711
459	EU482616	2	0.5050611494445711
460	GU131786	2	0.8912647110909437
461	FJ850087	2	0.6779813430897812
462	GU131771	2	0.8912647110909437
463	KF973453	2	0.5050611494445711
464	EU482814	2	0.8912647110909437
465	JF937609	2	0.8912647110909437
466	JF960211	2	0.5050611494445711
467	EU677168	2	0.8912647110909437
468	AB608787	2	0.8912647110909437
469	KP723473	2	0.5050611494445711
470	KY586306	2	0.8912647110909437
471	EU081268	2	0.8912647110909437
472	KJ189353	2	0.5050611494445711
473	MN018317	2	0.8912647110909437
474	EU482519	2	0.8912647110909437
475	GQ199786	2	0.8912647110909437
476	KY586535	2	0.8912647110909437
477	GQ868521	2	0.5050611494445711
478	MN018323	2	0.8912647110909437
479	FJ639679	2	0.8912647110909437
480	FJ882551	2	0.8912647110909437
481	EU249493	2	0.8912647110909437
482	GU131802	2	0.8912647110909437
483	KY849734	2	0.8912647110909437
484	AF311958	2	0.5050611494445711
485	AY726551	2	0.8912647110909437
486	U88535	2	0.6779813430897812
487	MN912110	2	0.8912647110909437
488	GQ868533	2	0.5050611494445711
489	GQ199789	2	0.8912647110909437
490	EU280167	2	0.8912647110909437
491	FJ687431	2	0.8912647110909437
492	EU482487	2	0.8912647110909437
493	EU081246	2	0.8912647110909437
494	FJ639823	2	0.5050611494445711
495	GU131701	2	0.8912647110909437
496	FJ882570	2	0.8912647110909437
497	KJ189358	2	0.5050611494445711
498	MN923100	2	0.8912647110909437
499	KY586344	2	0.8912647110909437
500	GU131795	2	0.8912647110909437
501	LC428059	2	0.8912647110909437
502	JX669463	2	0.5050611494445711
503	KY586450	2	0.8912647110909437
504	AB074760	2	0.6779813430897812
505	FJ898424	2	0.8912647110909437
506	KX225488	2	0.8912647110909437
507	GQ868525	2	0.5050611494445711
508	GU131984	2	0.5050611494445711
509	EU482800	2	0.8912647110909437
510	KY586388	2	0.8912647110909437
511	KY849701	2	0.8912647110909437
512	KJ189307	2	0.5050611494445711
513	GQ199771	2	0.8912647110909437
514	GU131981	2	0.5050611494445711
515	FJ024426	2	0.8912647110909437
516	FJ882546	2	0.8912647110909437
517	MF033213	2	0.5050611494445711
518	MN018313	2	0.8912647110909437
519	KY586494	2	0.8912647110909437
520	FJ898376	2	0.8912647110909437
521	KY586383	2	0.8912647110909437
522	MN912222	2	0.8912647110909437
523	GQ199853	2	0.8912647110909437
524	EU081270	2	0.8912647110909437
525	HM181954	2	0.8912647110909437
526	MN912166	2	0.8912647110909437
527	KJ806939	2	0.6779813430897812
528	GU131969	2	0.5050611494445711
529	KJ806946	2	0.8912647110909437
530	JN544409	2	0.5050611494445711
531	GU131706	2	0.8912647110909437
532	FJ882519	2	0.8912647110909437
533	GQ199821	2	0.8912647110909437
534	LC335871	2	0.8912647110909437
535	MN018328	2	0.5050611494445711
536	HM181948	2	0.8912647110909437
537	FJ410189	2	0.5050611494445711
538	JN819417	2	0.6779813430897812
539	DQ672559	2	0.6779813430897812
540	MN912171	2	0.8912647110909437
541	FJ639806	2	0.5050611494445711
542	KY586508	2	0.8912647110909437
543	GU131734	2	0.8912647110909437
544	KY586386	2	0.8912647110909437
545	FJ898410	2	0.8912647110909437
546	KP772252	2	0.8912647110909437
547	FJ639693	2	0.8912647110909437
548	FJ390383	2	0.8912647110909437
549	KY586329	2	0.8912647110909437
550	GU131781	2	0.8912647110909437
551	EU081240	2	0.8912647110909437
552	MH450297	2	0.5050611494445711
553	MN018336	2	0.8912647110909437
554	FJ810415	2	0.5050611494445711
555	AF514889	2	0.5050611494445711
556	KX620454	2	0.8912647110909437
557	MN912134	2	0.8912647110909437
558	MF033242	2	0.5050611494445711
559	KY586398	2	0.8912647110909437
560	KY672944	2	0.5050611494445711
561	KF955416	2	0.5050611494445711
562	FJ373297	2	0.8912647110909437
563	GQ868537	2	0.5050611494445711
564	JF937649	2	0.8912647110909437
565	GQ199877	2	0.5050611494445711
566	AF513110	2	0.5050611494445711
567	JX669461	2	0.6779813430897812
568	EU677164	2	0.8912647110909437
569	FJ024450	2	0.8912647110909437
570	KF973473	2	0.5050611494445711
571	EU081265	2	0.8912647110909437
572	KM403621	2	0.5050611494445711
573	KY849727	2	0.8912647110909437
574	KY586513	2	0.8912647110909437
575	KM403593	2	0.5050611494445711
576	FJ639812	2	0.5050611494445711
577	GU131776	2	0.8912647110909437
578	MG679801	2	0.8912647110909437
579	EU482708	2	0.8912647110909437
580	FJ182025	2	0.8912647110909437
581	KT827374	2	0.5050611494445711
582	GU131839	2	0.5050611494445711
583	MN933666	2	0.8912647110909437
584	EU482818	2	0.8912647110909437
585	EU677171	2	0.8912647110909437
586	MF033197	2	0.6779813430897812
587	FJ182034	2	0.8912647110909437
588	FJ410240	2	0.8912647110909437
589	KY586426	2	0.8912647110909437
590	FJ410272	2	0.8912647110909437
591	FJ410286	2	0.8912647110909437
592	FJ410270	2	0.8912647110909437
593	EU482805	2	0.8912647110909437
594	FJ882554	2	0.8912647110909437
595	MG840540	2	0.5050611494445711
596	JF937602	2	0.8912647110909437
597	FJ898448	2	0.6779813430897812
598	MN923104	2	0.8912647110909437
599	FJ461306	2	0.8912647110909437
600	LC428063	2	0.8912647110909437
601	GQ199841	2	0.8912647110909437
602	KF971869	2	0.8912647110909437
603	KY849737	2	0.8912647110909437
604	FJ205883	2	0.8912647110909437
605	GU131811	2	0.8912647110909437
606	AY732483	2	0.6779813430897812
607	U88536	2	0.6779813430897812
608	MF033252	2	0.5050611494445711
609	GQ199798	2	0.8912647110909437
610	MN912141	2	0.8912647110909437
611	KJ189365	2	0.5050611494445711
612	MN923095	2	0.8912647110909437
613	KJ189342	2	0.5050611494445711
614	KY586445	2	0.8912647110909437
615	MN018287	2	0.5050611494445711
616	GU131727	2	0.8912647110909437
617	GU131831	2	0.8912647110909437
618	JN903580	2	0.5050611494445711
619	MF033224	2	0.5050611494445711
620	KY586323	2	0.8912647110909437
621	GQ199808	2	0.8912647110909437
622	KY586368	2	0.8912647110909437
623	FJ205872	2	0.5050611494445711
624	GU131713	2	0.8912647110909437
625	MN912231	2	0.8912647110909437
626	KY586349	2	0.8912647110909437
627	FJ196843	2	0.8912647110909437
628	FJ687427	2	0.8912647110909437
629	GU131793	2	0.8912647110909437
630	MF405201	2	0.8912647110909437
631	AY722802	2	0.6779813430897812
632	EU482822	2	0.8912647110909437
633	KY672935	2	0.8912647110909437
634	KY672934	2	0.8912647110909437
635	FJ639692	2	0.8912647110909437
636	JF937601	2	0.8912647110909437
637	JQ915079	2	0.6779813430897812
638	KC692512	2	0.5050611494445711
639	KJ189315	2	0.5050611494445711
640	GQ199812	2	0.8912647110909437
641	GU370048	2	0.8912647110909437
642	KF973469	2	0.5050611494445711
643	FJ898396	2	0.8912647110909437
644	KC692517	2	0.5050611494445711
645	EU482533	2	0.8912647110909437
646	KJ189320	2	0.5050611494445711
647	GU370049	2	0.8912647110909437
648	EU482567	2	0.5050611494445711
649	FJ898395	2	0.8912647110909437
650	FJ562104	2	0.5050611494445711
651	GQ199784	2	0.8912647110909437
652	FJ410216	2	0.8912647110909437
653	KY921903	2	0.5050611494445711
654	EU677155	2	0.8912647110909437
655	FJ873809	2	0.5050611494445711
656	FJ024472	2	0.8912647110909437
657	JQ045651	2	0.8912647110909437
658	KX621249	2	0.5050611494445711
659	MN018291	2	0.8912647110909437
660	LC335872	2	0.8912647110909437
661	EU596504	2	0.5050611494445711
662	MG840536	2	0.5050611494445711
663	FJ461313	2	0.8912647110909437
664	KC762621	2	0.8912647110909437
665	JQ922546	2	0.6779813430897812
666	MN018316	2	0.8912647110909437
667	GU131718	2	0.8912647110909437
668	KJ189327	2	0.5050611494445711
669	FJ390380	2	0.5050611494445711
670	FJ850090	2	0.6779813430897812
671	GU131982	2	0.5050611494445711
672	JQ045659	2	0.8912647110909437
673	LC428079	2	0.8912647110909437
674	GQ199839	2	0.8912647110909437
675	KX452055	2	0.8912647110909437
676	KY586402	2	0.8912647110909437
677	EU482801	2	0.8912647110909437
678	KM403590	2	0.5050611494445711
679	FJ205873	2	0.5050611494445711
680	GQ199803	2	0.8912647110909437
681	FJ024447	2	0.8912647110909437
682	EU482480	2	0.8912647110909437
683	KT827371	2	0.8912647110909437
684	MN933656	2	0.8912647110909437
685	KY586391	2	0.8912647110909437
686	KM403602	2	0.5050611494445711
687	FJ639696	2	0.8912647110909437
688	MH048669	2	0.8912647110909437
689	KP188567	2	0.6779813430897812
690	KC692515	2	0.5050611494445711
691	FJ384655	2	0.5050611494445711
692	KX452051	2	0.8912647110909437
693	FJ850093	2	0.5050611494445711
694	EU482710	2	0.8912647110909437
695	GU131740	2	0.8912647110909437
696	KX459386	2	0.5050611494445711
697	KM403587	2	0.5050611494445711
698	KX595191	2	0.8912647110909437
699	FJ882521	2	0.8912647110909437
700	KX452050	2	0.8912647110909437
701	FJ882549	2	0.8912647110909437
702	KY926849	2	0.6779813430897812
703	MG877557	2	0.6779813430897812
704	MG560265	2	0.8912647110909437
705	AY713475	2	0.6779813430897812
706	MN018335	2	0.8912647110909437
707	MF033222	2	0.8912647110909437
708	FJ410197	2	0.8912647110909437
709	KM403626	2	0.5050611494445711
710	KY586431	2	0.8912647110909437
711	EU081262	2	0.8912647110909437
712	LC428072	2	0.8912647110909437
713	KY586480	2	0.8912647110909437
714	KY586308	2	0.8912647110909437
715	GU131703	2	0.8912647110909437
716	GU131824	2	0.8912647110909437
717	GU131807	2	0.8912647110909437
718	GU131712	2	0.8912647110909437
719	FJ810419	2	0.5050611494445711
720	KT827379	2	0.8912647110909437
721	KY586365	2	0.8912647110909437
722	GQ398255	2	0.8912647110909437
723	EU249490	2	0.8912647110909437
724	FJ410210	2	0.8912647110909437
725	KY849733	2	0.8912647110909437
726	GU131764	2	0.8912647110909437
727	KY586434	2	0.8912647110909437
728	LC011949	2	0.8912647110909437
729	KY586403	2	0.8912647110909437
730	KC762623	2	0.8912647110909437
731	FJ024456	2	0.8912647110909437
732	GU131832	2	0.5050611494445711
733	HM181964	2	0.8912647110909437
734	KX459387	2	0.5050611494445711
735	KJ806943	2	0.8912647110909437
736	FJ432733	2	0.8912647110909437
737	MN018334	2	0.8912647110909437
738	KY586374	2	0.8912647110909437
739	JQ915074	2	0.6779813430897812
740	KY474307	2	0.5050611494445711
741	FJ898371	2	0.8912647110909437
742	GU131791	2	0.8912647110909437
743	KY586525	2	0.8912647110909437
744	GU131690	2	0.8912647110909437
745	LC428071	2	0.8912647110909437
746	KP188539	2	0.6779813430897812
747	EU482528	2	0.8912647110909437
748	GQ199777	2	0.8912647110909437
749	KJ189325	2	0.5050611494445711
750	GQ868636	2	0.8912647110909437
751	HM181951	2	0.8912647110909437
752	FJ024437	2	0.8912647110909437
753	KJ189346	2	0.5050611494445711
754	EU081280	2	0.8912647110909437
755	GU131840	2	0.5050611494445711
756	MN923103	2	0.8912647110909437
757	MN912192	2	0.8912647110909437
758	EU482509	2	0.8912647110909437
759	KY586360	2	0.8912647110909437
760	KY496854	2	0.6779813430897812
761	KY586515	2	0.8912647110909437
762	KU666939	2	0.8912647110909437
763	MF033251	2	0.5050611494445711
764	KY586530	2	0.8912647110909437
765	FJ461320	2	0.8912647110909437
766	KY586459	2	0.8912647110909437
767	KJ189324	2	0.5050611494445711
768	GQ199830	2	0.8912647110909437
769	GQ199796	2	0.8912647110909437
770	KU666940	2	0.8912647110909437
771	JQ045656	2	0.8912647110909437
772	JQ287664	2	0.8912647110909437
773	GQ199818	2	0.8912647110909437
774	KY586526	2	0.8912647110909437
775	FJ461333	2	0.8912647110909437
776	GU056029	2	0.5050611494445711
777	MN923085	2	0.5050611494445711
778	GU131779	2	0.8912647110909437
779	FJ432742	2	0.8912647110909437
780	EU482534	2	0.8912647110909437
781	EU249495	2	0.8912647110909437
782	GQ868511	2	0.5050611494445711
783	GU131708	2	0.8912647110909437
784	EU482496	2	0.8912647110909437
785	KJ189332	2	0.5050611494445711
786	AY732477	2	0.6779813430897812
787	GQ199873	2	0.5050611494445711
788	KY586545	2	0.8912647110909437
789	MG877552	2	0.8912647110909437
790	KY586393	2	0.8912647110909437
791	EU081231	2	0.8912647110909437
792	FJ882518	2	0.8912647110909437
793	JF937619	2	0.8912647110909437
794	MF033258	2	0.8912647110909437
795	LC428060	2	0.8912647110909437
796	KY586512	2	0.8912647110909437
797	MG840579	2	0.6779813430897812
798	FJ882535	2	0.8912647110909437
799	MN018299	2	0.8912647110909437
800	KJ806941	2	0.8912647110909437
801	KR071622	2	0.5050611494445711
802	EU677139	2	0.8912647110909437
803	EU677177	2	0.8912647110909437
804	FJ882517	2	0.8912647110909437
805	MN018296	2	0.8912647110909437
806	GQ868565	2	0.5050611494445711
807	FJ547086	2	0.5050611494445711
808	MN018322	2	0.8912647110909437
809	KU509253	2	0.8912647110909437
810	KM403632	2	0.5050611494445711
811	MN912188	2	0.8912647110909437
812	GU131797	2	0.8912647110909437
813	JX669475	2	0.5050611494445711
814	AY726555	2	0.6779813430897812
815	KY586369	2	0.8912647110909437
816	GQ868523	2	0.5050611494445711
817	GQ199773	2	0.8912647110909437
818	KY586842	4	0.7471891695573876
819	KF907503	4	0.645404472699344
820	FJ882600	4	0.645404472699344
821	KY586876	4	0.7471891695573876
822	KY586919	4	0.7471891695573876
823	FJ850057	4	0.645404472699344
824	KY586893	4	0.7471891695573876
825	HQ332176	4	0.645404472699344
826	KY586859	4	0.7471891695573876
827	AF375822	4	0.645404472699344
828	KJ579248	4	0.645404472699344
829	FJ639739	4	0.645404472699344
830	KY586833	4	0.7471891695573876
831	KY586873	4	0.7471891695573876
832	KY586927	4	0.7471891695573876
833	KY672960	4	0.7471891695573876
834	KX059017	4	0.7471891695573876
835	JQ915082	4	0.7421839054401813
836	KX812530	4	0.645404472699344
837	KY586838	4	0.7471891695573876
838	FJ882583	4	0.645404472699344
839	MK614091	4	0.7471891695573876
840	KY586940	4	0.7471891695573876
841	KY921909	4	0.7421839054401813
842	MN018397	4	0.7471891695573876
843	FJ882584	4	0.645404472699344
844	KX059022	4	0.7471891695573876
845	KJ579246	4	0.645404472699344
846	MH450307	4	0.645404472699344
847	KY586862	4	0.7471891695573876
848	KY586922	4	0.7471891695573876
849	KY586828	4	0.7471891695573876
850	KY586848	4	0.7471891695573876
851	KY586913	4	0.7471891695573876
852	JQ513340	4	0.645404472699344
853	EU854300	4	0.645404472699344
854	LC069810	4	0.7421839054401813
855	KY586854	4	0.7471891695573876
856	EU854299	4	0.645404472699344
857	KP188561	4	0.645404472699344
858	KX059028	4	0.7471891695573876
859	KX059029	4	0.7471891695573876
860	FJ882586	4	0.645404472699344
861	KJ596663	4	0.645404472699344
862	KX059023	4	0.7471891695573876
863	MN018392	4	0.7471891695573876
864	KY586923	4	0.7471891695573876
865	KJ596673	4	0.645404472699344
866	MK614090	4	0.7471891695573876
867	KY849762	4	0.7471891695573876
868	KY586929	4	0.7471891695573876
869	JN819409	4	0.645404472699344
870	MF004387	4	0.645404472699344
871	KY369950	4	0.645404472699344
872	KT026308	4	0.7471891695573876
873	KY586914	4	0.7471891695573876
874	JN638571	4	0.7471891695573876
875	KP188564	4	0.645404472699344
876	KY586885	4	0.7471891695573876
877	KX059036	4	0.7471891695573876
878	FJ882599	4	0.645404472699344
879	MH823210	4	0.7421839054401813
880	GQ868582	4	0.645404472699344
881	KX845005	4	0.7471891695573876
882	KY586944	4	0.7471891695573876
883	JN559740	4	0.645404472699344
884	JQ922560	4	0.7471891695573876
885	KY586907	4	0.7471891695573876
886	M14931	4	0.645404472699344
887	KY586926	4	0.7471891695573876
888	KY586824	4	0.645404472699344
889	JX024757	4	0.7421839054401813
890	MH888334	4	0.7421839054401813
891	KY586892	4	0.7471891695573876
892	GQ199882	4	0.645404472699344
893	KY586905	4	0.7471891695573876
894	KY586840	4	0.7471891695573876
895	GQ199879	4	0.645404472699344
896	KY586882	4	0.7471891695573876
897	KY586851	4	0.7471891695573876
898	GQ868584	4	0.645404472699344
899	KP792537	4	0.7471891695573876
900	KY586839	4	0.7471891695573876
901	KY586856	4	0.7471891695573876
902	JF262781	4	0.645404472699344
903	JQ513331	4	0.645404472699344
904	KY586887	4	0.7471891695573876
905	MH382789	4	0.7421839054401813
906	KP188565	4	0.645404472699344
907	FJ882595	4	0.645404472699344
908	KY586912	4	0.7471891695573876
909	KY586832	4	0.7471891695573876
910	FJ882596	4	0.645404472699344
911	LC410199	4	0.7471891695573876
912	LC410203	4	0.7471891695573876
913	GQ199884	4	0.645404472699344
914	KY586917	4	0.7471891695573876
915	GQ199876	4	0.645404472699344
916	JQ513334	4	0.645404472699344
917	KY586841	4	0.7471891695573876
918	KY586935	4	0.7471891695573876
919	AY762085	4	0.7421839054401813
920	KY586829	4	0.7471891695573876
921	KY586835	4	0.7471891695573876
922	KY586934	4	0.7471891695573876
923	KY586869	4	0.7471891695573876
924	KJ579240	4	0.645404472699344
925	KJ596671	4	0.645404472699344
926	KC762695	4	0.7421839054401813
927	JQ922559	4	0.7471891695573876
928	KY586863	4	0.7471891695573876
929	FJ882591	4	0.645404472699344
930	KR922405	4	0.7471891695573876
931	KY474335	4	0.645404472699344
932	KY672957	4	0.7471891695573876
933	KY586870	4	0.7471891695573876
934	KT276273	4	0.645404472699344
935	FJ850095	4	0.645404472699344
936	JQ915084	4	0.7421839054401813
937	KJ596660	4	0.645404472699344
938	GQ199880	4	0.645404472699344
939	KY586857	4	0.7471891695573876
940	AY776330	4	0.7421839054401813
941	GQ868645	4	0.645404472699344
942	KY586831	4	0.7471891695573876
943	FJ882590	4	0.645404472699344
944	MK614089	4	0.7421839054401813
945	KY586916	4	0.7471891695573876
946	KY586834	4	0.7471891695573876
947	KY672959	4	0.7471891695573876
948	KY586943	4	0.7471891695573876
949	FJ882598	4	0.645404472699344
950	KY586845	4	0.7471891695573876
951	KY586894	4	0.7471891695573876
952	KJ579247	4	0.645404472699344
953	JN819406	4	0.645404472699344
954	AY618993	4	0.7421839054401813
955	KX059037	4	0.7471891695573876
956	KX059030	4	0.7471891695573876
957	KY586920	4	0.7471891695573876
958	KY586825	4	0.645404472699344
959	GQ868642	4	0.645404472699344
960	JF262783	4	0.7471891695573876
961	KU509288	4	0.7421839054401813
962	MK640208	4	0.7421839054401813
963	AY618988	4	0.7471891695573876
964	FJ196849	4	0.7421839054401813
965	GQ252675	4	0.645404472699344
966	AY618989	4	0.7471891695573876
967	KX059027	4	0.7471891695573876
968	JQ513330	4	0.645404472699344
969	KY586875	4	0.7471891695573876
970	FJ810417	4	0.645404472699344
971	LC410201	4	0.7471891695573876
972	AF289029	4	0.7471891695573876
973	GQ868644	4	0.645404472699344
974	KY586899	4	0.7471891695573876
975	JQ513333	4	0.645404472699344
976	JN983813	4	0.645404472699344
977	JQ513336	4	0.645404472699344
978	LC410196	4	0.7471891695573876
979	KY586866	4	0.7471891695573876
980	KJ596661	4	0.645404472699344
981	AY618992	4	0.7471891695573876
982	KU509287	4	0.7471891695573876
983	KX059019	4	0.7471891695573876
984	JF262782	4	0.645404472699344
985	MH051734	4	0.7421839054401813
986	KU523871	4	0.7421839054401813
987	KX059033	4	0.7471891695573876
988	KY670635	4	0.7471891695573876
989	FJ882580	4	0.645404472699344
990	KY586865	4	0.7471891695573876
991	KP188559	4	0.645404472699344
992	GQ868594	4	0.7471891695573876
993	GQ199883	4	0.645404472699344
994	FJ639736	4	0.645404472699344
995	JF262779	4	0.7471891695573876
996	KY586878	4	0.7471891695573876
997	AY618990	4	0.7471891695573876
998	KC762698	4	0.7421839054401813
999	GQ199881	4	0.645404472699344
1000	KU523872	4	0.7421839054401813
1001	KJ596668	4	0.645404472699344
1002	JQ922558	4	0.7471891695573876
1003	HQ332173	4	0.645404472699344
1004	JQ915090	4	0.7421839054401813
1005	KY369951	4	0.645404472699344
1006	KY586900	4	0.7471891695573876
1007	KY586846	4	0.7471891695573876
1008	KY586884	4	0.7471891695573876
1009	KX059031	4	0.7471891695573876
1010	MN018390	4	0.7471891695573876
1011	KY586850	4	0.7471891695573876
1012	KY586895	4	0.7471891695573876
1013	AF326825	4	0.645404472699344
1014	KY586898	4	0.7471891695573876
1015	FJ639748	4	0.645404472699344
1016	KY672958	4	0.7471891695573876
1017	MN018398	4	0.7471891695573876
1018	JX024758	4	0.7421839054401813
1019	KY586849	4	0.7471891695573876
1020	JQ513332	4	0.645404472699344
1021	JQ915089	4	0.7421839054401813
1022	KY586903	4	0.7471891695573876
1023	FJ639738	4	0.645404472699344
1024	KJ579244	4	0.645404472699344
1025	FJ639737	4	0.645404472699344
1026	KX059032	4	0.7471891695573876
1027	GQ868579	4	0.645404472699344
1028	FJ182017	4	0.645404472699344
1029	KY586915	4	0.7471891695573876
1030	KY586826	4	0.645404472699344
1031	EU854297	4	0.645404472699344
1032	EU854295	4	0.645404472699344
1033	JQ915087	4	0.7421839054401813
1034	KY586886	4	0.7471891695573876
1035	KX059026	4	0.7471891695573876
1036	JQ915081	4	0.7421839054401813
1037	LC410200	4	0.7471891695573876
1038	FJ882582	4	0.645404472699344
1039	MN018395	4	0.7471891695573876
1040	KJ579245	4	0.645404472699344
1041	KY586938	4	0.7471891695573876
1042	KY586877	4	0.7471891695573876
1043	KX059020	4	0.7471891695573876
1044	JN559741	4	0.645404472699344
1045	KY586827	4	0.7421839054401813
1046	GQ868581	4	0.645404472699344
1047	AY947539	4	0.7471891695573876
1048	JQ513335	4	0.645404472699344
1049	KP188563	4	0.645404472699344
1050	AF326827	4	0.645404472699344
1051	MH891769	4	0.7471891695573876
1052	KY586909	4	0.7471891695573876
1053	KY921910	4	0.7421839054401813
1054	GQ868643	4	0.645404472699344
1055	JQ513337	4	0.645404472699344
1056	HQ332172	4	0.645404472699344
1057	FJ639745	4	0.645404472699344
1058	KX224312	4	0.7471891695573876
1059	KY586902	4	0.7471891695573876
1060	JQ513344	4	0.645404472699344
1061	KP723482	4	0.7421839054401813
1062	KY586910	4	0.7471891695573876
1063	LC410202	4	0.7471891695573876
1064	KY586836	4	0.7471891695573876
1065	KR011349	4	0.7471891695573876
1066	MG272273	4	0.7471891695573876
1067	KY586939	4	0.7471891695573876
1068	KJ596662	4	0.645404472699344
1069	FJ882585	4	0.645404472699344
1070	EU854296	4	0.645404472699344
1071	KY586889	4	0.7471891695573876
1072	KJ596672	4	0.645404472699344
1073	FJ882601	4	0.645404472699344
1074	KP188558	4	0.645404472699344
1075	KY586853	4	0.7471891695573876
1076	MK614093	4	0.7471891695573876
1077	KY586930	4	0.7471891695573876
1078	KY586860	4	0.7471891695573876
1079	KJ579241	4	0.645404472699344
1080	KY586888	4	0.7471891695573876
1081	KY586924	4	0.7471891695573876
1082	KJ596659	4	0.645404472699344
1083	JQ915085	4	0.7421839054401813
1084	MK654681	4	0.7471891695573876
1085	FJ639764	4	0.645404472699344
1086	KY586868	4	0.7471891695573876
1087	HQ332174	4	0.645404472699344
1088	KY586844	4	0.7471891695573876
1089	KU513442	4	0.645404472699344
1090	MN018394	4	0.7471891695573876
1091	KY586911	4	0.7471891695573876
1092	MH450308	4	0.645404472699344
1093	KY586823	4	0.645404472699344
1094	KF041260	4	0.7471891695573876
1095	FJ024476	4	0.645404472699344
1096	JQ915083	4	0.7421839054401813
1097	KY586906	4	0.7471891695573876
1098	KY586881	4	0.7471891695573876
1099	KX059016	4	0.7471891695573876
1100	KY586890	4	0.7471891695573876
1101	JQ513343	4	0.645404472699344
1102	MN018393	4	0.7421839054401813
1103	KY586879	4	0.7471891695573876
1104	KY586925	4	0.7471891695573876
1105	FJ639773	4	0.645404472699344
1106	KX059034	4	0.7471891695573876
1107	KX059021	4	0.7471891695573876
1108	KY586830	4	0.7471891695573876
1109	JQ513338	4	0.645404472699344
1110	KY586874	4	0.7471891695573876
1111	FJ639742	4	0.645404472699344
1112	KY586867	4	0.7471891695573876
1113	KY586897	4	0.7471891695573876
1114	GQ868583	4	0.645404472699344
1115	KY586918	4	0.7471891695573876
1116	KY586858	4	0.7471891695573876
1117	KJ596669	4	0.645404472699344
1118	KC762697	4	0.7421839054401813
1119	KJ579242	4	0.645404472699344
1120	KY586941	4	0.7471891695573876
1121	KU513441	4	0.645404472699344
1122	MN018391	4	0.7471891695573876
1123	KC762696	4	0.7421839054401813
1124	KY586908	4	0.7471891695573876
1125	KY586932	4	0.7471891695573876
1126	KY586931	4	0.7471891695573876
1127	KJ579243	4	0.645404472699344
1128	KM190936	4	0.645404472699344
1129	KJ596666	4	0.645404472699344
1130	KJ596665	4	0.645404472699344
1131	KY586852	4	0.7471891695573876
1132	FJ882597	4	0.645404472699344
1133	KY586945	4	0.7471891695573876
1134	KT026309	4	0.7471891695573876
1135	KY586880	4	0.7471891695573876
1136	MH450305	4	0.645404472699344
1137	KP406806	4	0.7471891695573876
1138	GQ868585	4	0.645404472699344
1139	FJ850059	4	0.645404472699344
1140	KY586891	4	0.7471891695573876
1141	MN018396	4	0.7471891695573876
1142	KY586872	4	0.7471891695573876
1143	KY586936	4	0.7471891695573876
1144	FJ182016	4	0.645404472699344
1145	KJ596674	4	0.645404472699344
1146	GQ199885	4	0.645404472699344
1147	KJ160504	4	0.645404472699344
1148	GQ398256	4	0.7421839054401813
1149	FJ882581	4	0.645404472699344
1150	JQ513342	4	0.645404472699344
1151	KJ596670	4	0.645404472699344
1152	KJ596658	4	0.645404472699344
1153	KX059035	4	0.7471891695573876
1154	KY586896	4	0.7471891695573876
1155	AF326826	4	0.645404472699344
1156	KY586847	4	0.7471891695573876
1157	JQ915086	4	0.7421839054401813
1158	FJ882589	4	0.645404472699344
1159	FJ196850	4	0.7471891695573876
1160	LC410198	4	0.7471891695573876
1161	HQ332175	4	0.645404472699344
1162	MK506266	4	0.7471891695573876
1163	EU854301	4	0.645404472699344
1164	KF955510	4	0.7471891695573876
1165	JQ513341	4	0.645404472699344
1166	EF457906	4	0.7471891695573876
1167	MG272274	4	0.7471891695573876
1168	KY586843	4	0.7471891695573876
1169	MG601754	4	0.7471891695573876
1170	JN638570	4	0.7471891695573876
1171	FJ024424	4	0.645404472699344
1172	AY618991	4	0.7471891695573876
1173	KY586855	4	0.7471891695573876
1174	FJ882588	4	0.645404472699344
1175	JF741967	4	0.7421839054401813
1176	JF262780	4	0.7471891695573876
1177	FJ639744	4	0.645404472699344
1178	FJ226067	4	0.645404472699344
1179	KY586942	4	0.7471891695573876
1180	MN192436	4	0.645404472699344
1181	KY586861	4	0.7471891695573876
1182	JN638572	4	0.7471891695573876
1183	GQ868580	4	0.645404472699344
1184	KY586904	4	0.7471891695573876
1185	KP188562	4	0.645404472699344
1186	KX059024	4	0.7471891695573876
1187	AF326573	4	0.645404472699344
1188	KY586837	4	0.7471891695573876
1189	JQ513345	4	0.7471891695573876
1190	KY586928	4	0.7471891695573876
1191	KX059025	4	0.7471891695573876
1192	KY586871	4	0.7471891695573876
1193	KC762694	4	0.7421839054401813
1194	KP188566	4	0.645404472699344
1195	KP140942	4	0.645404472699344
1196	FJ882592	4	0.645404472699344
1197	KX059018	4	0.7471891695573876
1198	LC410197	4	0.7471891695573876
1199	KX059015	4	0.7471891695573876
1200	KY586883	4	0.7471891695573876
1201	KY924607	4	0.7471891695573876
1202	KY586901	4	0.7471891695573876
1203	KY451945	4	0.7471891695573876
1204	FJ850058	4	0.645404472699344
1205	KP188560	4	0.645404472699344
1206	JQ822247	4	0.7421839054401813
1207	KY586921	4	0.7471891695573876
1208	KP188557	4	0.645404472699344
1209	KT794007	4	0.645404472699344
1210	KY586864	4	0.7471891695573876
1211	MK614088	4	0.7471891695573876
1212	KJ596664	4	0.645404472699344
1213	KY586946	4	0.7471891695573876
1214	KC762699	4	0.7421839054401813
1215	KC333651	4	0.7421839054401813
1216	KY672956	4	0.7471891695573876
1217	FJ882587	4	0.645404472699344
1218	GU289913	4	0.645404472699344
1219	GQ199878	4	0.645404472699344
1220	JQ513339	4	0.645404472699344
1221	MK614092	4	0.7471891695573876
1222	JQ915088	4	0.7421839054401813
1223	KY586937	4	0.7471891695573876
1224	MG272272	4	0.7471891695573876
1225	FJ024468	0	0.963534164306495
1226	AY858041	3	0.6211120631191835
1227	HQ705619	0	0.963534164306495
1228	GU363549	0	0.5349560336281521
1229	FJ639774	0	0.963534164306495
1230	KY586742	3	0.9124199545133074
1231	FJ373302	0	0.963534164306495
1232	KX380842	0	0.5349560336281521
1233	FJ547070	0	0.963534164306495
1234	JF920393	0	0.963534164306495
1235	EU482595	0	0.963534164306495
1236	FJ547061	3	0.9124199545133074
1237	FJ882578	0	0.963534164306495
1238	KF955460	3	0.9124199545133074
1239	FJ639753	0	0.963534164306495
1240	KJ189268	0	0.963534164306495
1241	JF920400	0	0.963534164306495
1242	AY766104	3	0.9124199545133074
1243	FJ639792	0	0.963534164306495
1244	FJ562107	0	0.963534164306495
1245	FJ373303	0	0.963534164306495
1246	GQ868575	0	0.963534164306495
1247	KY586756	3	0.9124199545133074
1248	EU081215	0	0.5349560336281521
1249	JF937623	0	0.963534164306495
1250	KY586794	3	0.9124199545133074
1251	DQ675521	3	0.9124199545133074
1252	EU081216	0	0.5349560336281521
1253	FJ478456	0	0.963534164306495
1254	HQ166034	0	0.963534164306495
1255	EU529699	0	0.963534164306495
1256	GU131912	3	0.9124199545133074
1257	GU131913	3	0.9124199545133074
1258	EU482454	3	0.9124199545133074
1259	KY586727	3	0.9124199545133074
1260	KC261634	3	0.9124199545133074
1261	EU081214	0	0.5349560336281521
1262	KT424097	3	0.9124199545133074
1263	FJ639750	0	0.963534164306495
1264	MN018372	0	0.5349560336281521
1265	HM756277	0	0.963534164306495
1266	FJ410176	0	0.963534164306495
1267	KY586800	3	0.9124199545133074
1268	FJ461329	3	0.9124199545133074
1269	KY586707	3	0.9124199545133074
1270	KY586728	3	0.9124199545133074
1271	FJ639723	3	0.9124199545133074
1272	KF973485	0	0.963534164306495
1273	HM756279	0	0.963534164306495
1274	MN018378	0	0.5349560336281521
1275	FJ898441	0	0.963534164306495
1276	MG721059	0	0.5349560336281521
1277	FJ639791	0	0.963534164306495
1278	HQ235027	0	0.963534164306495
1279	FJ810416	0	0.963534164306495
1280	GQ199871	0	0.963534164306495
1281	FJ639781	0	0.963534164306495
1282	EU781136	0	0.963534164306495
1283	KC762681	3	0.6211120631191835
1284	AB189128	3	0.6211120631191835
1285	MF682971	3	0.9124199545133074
1286	KJ189278	0	0.963534164306495
1287	MN018381	0	0.5349560336281521
1288	JF920396	0	0.963534164306495
1289	MF004386	3	0.6211120631191835
1290	KF955449	0	0.963534164306495
1291	JF920409	0	0.963534164306495
1292	FJ182038	0	0.963534164306495
1293	KF955462	3	0.9124199545133074
1294	JQ920478	3	0.6211120631191835
1295	JF920405	0	0.963534164306495
1296	JF920407	0	0.963534164306495
1297	EU081189	0	0.5349560336281521
1298	GQ868571	0	0.963534164306495
1299	GQ868574	0	0.963534164306495
1300	KY586713	3	0.9124199545133074
1301	GU131906	3	0.9124199545133074
1302	FJ182040	0	0.963534164306495
1303	JQ920485	3	0.6211120631191835
1304	KJ189297	0	0.963534164306495
1305	EU660411	3	0.9124199545133074
1306	KC762683	3	0.6211120631191835
1307	JF937630	0	0.963534164306495
1308	HQ705616	0	0.963534164306495
1309	EU726771	0	0.963534164306495
1310	HM181933	3	0.9124199545133074
1311	GU131908	3	0.9124199545133074
1312	GU131870	0	0.963534164306495
1313	KT726342	0	0.963534164306495
1314	FJ687448	3	0.9124199545133074
1315	GQ868593	3	0.9124199545133074
1316	JF937646	0	0.963534164306495
1317	FJ639784	0	0.963534164306495
1318	KC762687	3	0.6211120631191835
1319	FJ639730	3	0.9124199545133074
1320	KJ622199	3	0.9124199545133074
1321	KF921916	0	0.963534164306495
1322	MN018369	3	0.9124199545133074
1323	FJ639747	0	0.963534164306495
1324	MF370226	0	0.5349560336281521
1325	DQ675532	3	0.9124199545133074
1326	EU596493	0	0.963534164306495
1327	JQ922554	3	0.6211120631191835
1328	FJ882577	0	0.963534164306495
1329	JF808119	0	0.963534164306495
1330	KX380841	0	0.5349560336281521
1331	KY863456	3	0.6211120631191835
1332	FJ639713	3	0.9124199545133074
1333	GQ868616	0	0.963534164306495
1334	HQ705611	0	0.963534164306495
1335	MH450311	0	0.963534164306495
1336	KJ189266	0	0.963534164306495
1337	HQ705617	0	0.963534164306495
1338	GU131933	3	0.9124199545133074
1339	FJ547073	0	0.963534164306495
1340	FJ639755	0	0.963534164306495
1341	GU131858	0	0.963534164306495
1342	JN093514	0	0.963534164306495
1343	HQ166031	0	0.963534164306495
1344	FJ810413	3	0.9124199545133074
1345	KJ622196	3	0.9124199545133074
1346	FJ639756	0	0.963534164306495
1347	KT726348	0	0.963534164306495
1348	FJ873812	0	0.963534164306495
1349	MH051731	0	0.5349560336281521
1350	AB214882	3	0.6211120631191835
1351	KJ189288	0	0.963534164306495
1352	FJ432728	3	0.9124199545133074
1353	AB214880	3	0.6211120631191835
1354	GQ199865	0	0.963534164306495
1355	JF920408	0	0.963534164306495
1356	MN083245	3	0.6211120631191835
1357	FJ850097	0	0.963534164306495
1358	AY662691	0	0.5349560336281521
1359	MT261978	0	0.5349560336281521
1360	EU529705	0	0.963534164306495
1361	EF629369	0	0.963534164306495
1362	AY099337	0	0.963534164306495
1363	FJ432741	3	0.9124199545133074
1364	MN018385	0	0.5349560336281521
1365	EU687218	0	0.963534164306495
1366	FJ547076	0	0.963534164306495
1367	FJ639798	0	0.963534164306495
1368	KY586783	3	0.9124199545133074
1369	KY586737	3	0.9124199545133074
1370	KY586771	3	0.9124199545133074
1371	EU932687	0	0.963534164306495
1372	JX669490	0	0.963534164306495
1373	FJ639715	3	0.9124199545133074
1374	MG721061	0	0.5349560336281521
1375	AY676350	3	0.9124199545133074
1376	KY670634	3	0.9124199545133074
1377	KJ189282	0	0.963534164306495
1378	MN922040	3	0.6211120631191835
1379	HM631860	0	0.963534164306495
1380	FJ182037	0	0.963534164306495
1381	FJ390376	0	0.963534164306495
1382	FJ639751	0	0.963534164306495
1383	KU509281	0	0.5349560336281521
1384	FJ639805	0	0.963534164306495
1385	FJ639780	0	0.963534164306495
1386	FJ882572	0	0.5349560336281521
1387	KY586725	3	0.9124199545133074
1388	JQ920477	3	0.6211120631191835
1389	FJ744727	3	0.9124199545133074
1390	MN018370	3	0.6211120631191835
1391	GU131916	3	0.9124199545133074
1392	KF954947	0	0.5349560336281521
1393	MK005258	3	0.6211120631191835
1394	EU569690	0	0.963534164306495
1395	FJ562103	3	0.9124199545133074
1396	JF808125	0	0.963534164306495
1397	MN227701	0	0.5349560336281521
1398	HM756280	0	0.963534164306495
1399	KJ189294	0	0.963534164306495
1400	HQ671176	0	0.963534164306495
1401	EU482563	0	0.963534164306495
1402	HM181974	0	0.963534164306495
1403	GU131855	0	0.963534164306495
1404	JF920402	0	0.963534164306495
1405	AY744683	3	0.6211120631191835
1406	JX669508	0	0.963534164306495
1407	GU131915	3	0.9124199545133074
1408	MF682969	3	0.6211120631191835
1409	KC762693	3	0.6211120631191835
1410	AY679147	0	0.963534164306495
1411	KF973477	0	0.963534164306495
1412	KF955471	0	0.963534164306495
1413	KY586755	3	0.9124199545133074
1414	FJ639721	3	0.9124199545133074
1415	AY676349	3	0.9124199545133074
1416	JF808118	0	0.963534164306495
1417	FJ850055	0	0.963534164306495
1418	JF937652	0	0.963534164306495
1419	KF954946	0	0.5349560336281521
1420	FJ898457	0	0.963534164306495
1421	FJ547072	0	0.963534164306495
1422	EU482566	0	0.963534164306495
1423	JX669489	0	0.963534164306495
1424	FJ547082	0	0.963534164306495
1425	GU131938	3	0.9124199545133074
1426	FJ024471	0	0.963534164306495
1427	AY676348	3	0.9124199545133074
1428	FJ410178	0	0.963534164306495
1429	KT726360	0	0.963534164306495
1430	FJ850080	0	0.963534164306495
1431	FJ744726	3	0.9124199545133074
1432	EU529702	0	0.963534164306495
1433	KF955465	0	0.963534164306495
1434	DQ401690	3	0.9124199545133074
1435	GU131935	3	0.9124199545133074
1436	MK894339	0	0.5349560336281521
1437	EU081207	0	0.5349560336281521
1438	KY586773	3	0.9124199545133074
1439	FJ850110	0	0.963534164306495
1440	FJ547062	3	0.9124199545133074
1441	FJ850079	0	0.963534164306495
1442	JN406514	3	0.9124199545133074
1443	JX669496	0	0.963534164306495
1444	AY858045	3	0.6211120631191835
1445	GU131914	3	0.9124199545133074
1446	KJ189286	0	0.963534164306495
1447	FJ744735	3	0.9124199545133074
1448	FJ898462	0	0.963534164306495
1449	AY858037	3	0.6211120631191835
1450	FJ898464	0	0.963534164306495
1451	GU131945	3	0.9124199545133074
1452	FJ639770	0	0.963534164306495
1453	FJ639766	0	0.963534164306495
1454	AB189126	3	0.6211120631191835
1455	AY858048	3	0.6211120631191835
1456	KU725665	3	0.6211120631191835
1457	JX669506	0	0.963534164306495
1458	FJ024470	0	0.963534164306495
1459	JX669504	0	0.963534164306495
1460	KY586729	3	0.9124199545133074
1461	HM631856	0	0.963534164306495
1462	KF955463	3	0.9124199545133074
1463	AY744685	3	0.6211120631191835
1464	KJ189283	0	0.963534164306495
1465	EU529691	0	0.963534164306495
1466	GU131848	0	0.963534164306495
1467	KY586723	3	0.9124199545133074
1468	MH450298	0	0.963534164306495
1469	EU726774	0	0.963534164306495
1470	EU081188	0	0.5349560336281521
1471	FJ898456	3	0.6211120631191835
1472	KY586738	3	0.9124199545133074
1473	MK506265	3	0.6211120631191835
1474	KY586814	3	0.9124199545133074
1475	KY586714	3	0.9124199545133074
1476	EU660407	3	0.9124199545133074
1477	EU482460	3	0.9124199545133074
1478	KF955507	3	0.9124199545133074
1479	MN018389	3	0.6211120631191835
1480	EU596492	0	0.963534164306495
1481	KY586812	3	0.9124199545133074
1482	AY858044	3	0.6211120631191835
1483	MN964273	0	0.5349560336281521
1484	FJ461322	3	0.9124199545133074
1485	JF937636	0	0.963534164306495
1486	MN227697	0	0.5349560336281521
1487	EF629368	0	0.963534164306495
1488	FJ182005	0	0.963534164306495
1489	KY586817	3	0.9124199545133074
1490	JF937647	0	0.963534164306495
1491	JQ922557	0	0.5349560336281521
1492	JN000937	0	0.963534164306495
1493	GQ199864	0	0.963534164306495
1494	EU687234	0	0.963534164306495
1495	HG316483	3	0.9124199545133074
1496	HM181975	0	0.963534164306495
1497	FJ182041	0	0.963534164306495
1498	KY586726	3	0.9124199545133074
1499	GU131877	0	0.963534164306495
1500	FJ639765	0	0.963534164306495
1501	FJ639826	0	0.963534164306495
1502	KY586733	3	0.9124199545133074
1503	GQ199889	0	0.5349560336281521
1504	FJ547066	3	0.9124199545133074
1505	FJ205870	0	0.963534164306495
1506	KY586762	3	0.9124199545133074
1507	KJ160505	0	0.5349560336281521
1508	FJ547077	0	0.963534164306495
1509	FJ562102	3	0.9124199545133074
1510	GU370053	0	0.5349560336281521
1511	KJ189262	0	0.963534164306495
1512	JF920397	0	0.963534164306495
1513	HQ166030	0	0.963534164306495
1514	GU131936	3	0.9124199545133074
1515	FJ639719	3	0.9124199545133074
1516	FJ639759	0	0.963534164306495
1517	GU131857	0	0.963534164306495
1518	KY586807	3	0.9124199545133074
1519	EU529688	0	0.963534164306495
1520	HQ705618	0	0.963534164306495
1521	EU081202	0	0.5349560336281521
1522	JQ920484	3	0.6211120631191835
1523	KC762684	3	0.6211120631191835
1524	MN018386	0	0.5349560336281521
1525	AY858039	3	0.6211120631191835
1526	EU687221	0	0.963534164306495
1527	JQ920483	3	0.6211120631191835
1528	KF041255	0	0.5349560336281521
1529	MF682973	3	0.9124199545133074
1530	MN922035	3	0.6211120631191835
1531	KF954948	0	0.5349560336281521
1532	AY744678	3	0.6211120631191835
1533	AF317645	3	0.6211120631191835
1534	GQ868634	3	0.9124199545133074
1535	JF920394	0	0.963534164306495
1536	FJ744733	3	0.9124199545133074
1537	JN697379	3	0.6211120631191835
1538	EU687233	0	0.963534164306495
1539	GU131872	0	0.963534164306495
1540	AY923865	3	0.9124199545133074
1541	JF937634	0	0.963534164306495
1542	GU131851	0	0.963534164306495
1543	KF973486	0	0.963534164306495
1544	JF937633	0	0.963534164306495
1545	KJ189295	0	0.963534164306495
1546	EU482457	3	0.9124199545133074
1547	JQ920482	3	0.6211120631191835
1548	JF920404	0	0.963534164306495
1549	EU081194	0	0.5349560336281521
1550	MT261977	0	0.5349560336281521
1551	FJ898472	0	0.963534164306495
1552	FJ898458	0	0.963534164306495
1553	KY794788	3	0.6211120631191835
1554	EU529690	0	0.963534164306495
1555	KF955458	3	0.9124199545133074
1556	GQ868547	0	0.963534164306495
1557	FJ639795	0	0.963534164306495
1558	KY586790	3	0.9124199545133074
1559	AY676353	3	0.9124199545133074
1560	JX669505	0	0.963534164306495
1561	FJ639782	0	0.963534164306495
1562	KY586822	0	0.5349560336281521
1563	EU781137	0	0.963534164306495
1564	KX380839	3	0.6211120631191835
1565	FJ850111	0	0.963534164306495
1566	JQ045693	3	0.9124199545133074
1567	KJ189269	0	0.963534164306495
1568	KY586766	3	0.9124199545133074
1569	LC379193	0	0.5349560336281521
1570	MH822957	0	0.5349560336281521
1571	JN000938	0	0.963534164306495
1572	KY586708	3	0.9124199545133074
1573	KT726356	0	0.963534164306495
1574	KT726351	0	0.963534164306495
1575	GU131868	0	0.963534164306495
1576	JF920403	0	0.963534164306495
1577	AY744677	3	0.6211120631191835
1578	KF955454	0	0.963534164306495
1579	GQ466079	0	0.5349560336281521
1580	JF920395	0	0.963534164306495
1581	EU081184	0	0.5349560336281521
1582	FJ882573	0	0.5349560336281521
1583	EU529692	0	0.963534164306495
1584	KY586750	3	0.9124199545133074
1585	KY849775	3	0.9124199545133074
1586	FJ639716	3	0.9124199545133074
1587	KF955453	0	0.963534164306495
1588	KY849772	3	0.9124199545133074
1589	KY586731	3	0.9124199545133074
1590	KY586710	3	0.9124199545133074
1591	KJ622198	3	0.9124199545133074
1592	KJ189258	0	0.963534164306495
1593	HM756274	0	0.963534164306495
1594	MN018374	3	0.6211120631191835
1595	FJ639726	3	0.9124199545133074
1596	EU529686	0	0.963534164306495
1597	EU482559	0	0.963534164306495
1598	GU131869	0	0.963534164306495
1599	DQ675524	3	0.9124199545133074
1600	EU081187	0	0.5349560336281521
1601	JQ045687	3	0.9124199545133074
1602	KJ189256	0	0.963534164306495
1603	AY648961	3	0.6211120631191835
1604	KY586765	3	0.9124199545133074
1605	HQ705610	0	0.963534164306495
1606	HM181934	3	0.9124199545133074
1607	KF824902	3	0.9124199545133074
1608	KF973482	0	0.963534164306495
1609	AY858042	3	0.6211120631191835
1610	EU081192	0	0.5349560336281521
1611	FJ898442	0	0.963534164306495
1612	GQ868572	0	0.963534164306495
1613	JQ920487	3	0.6211120631191835
1614	MN922037	3	0.6211120631191835
1615	KJ189277	0	0.963534164306495
1616	KU509279	3	0.6211120631191835
1617	DQ401693	3	0.9124199545133074
1618	GQ199891	0	0.963534164306495
1619	JN093517	0	0.963534164306495
1620	FJ024469	0	0.963534164306495
1621	FJ898443	0	0.963534164306495
1622	EU081197	0	0.5349560336281521
1623	JQ045689	3	0.9124199545133074
1624	KY586749	3	0.9124199545133074
1625	JN662391	0	0.5349560336281521
1626	GQ199886	0	0.963534164306495
1627	FJ547084	0	0.963534164306495
1628	EU726772	0	0.963534164306495
1629	GU131904	3	0.9124199545133074
1630	FJ182007	0	0.963534164306495
1631	JF937624	0	0.963534164306495
1632	HQ541789	0	0.9635341643064946
